technology,hires
Game Development,519
DevOps,495
System Administration,293
Development - CMS Backend,284
Database Administration,282
Adobe Experience Manager,282
Client Success,271
Development - Frontend,266
Security,266
Mulesoft,260
QA Manual,259
Salesforce,256
Development - Backend,255
Data Engineer,255
Business Analytics / Project Management,255
Business Intelligence,254
Development - FullStack,254
Development - CMS Frontend,251
Security Compliance,250
Design,249
QA Automation,243
Sales,239
Social Media Community Management,237
Technical Writing,223
